,#,target
0,ACJ35486@H,1
1,ATP16757@H,1
2,ATP16767@H,1
3,AFR79257@H,1
4,AFR79250@H,1
5,AGN52936@H,1
6,AID55066@H,1
7,AID55067@H,1
8,ASU45807@H,1
9,ALJ53431@H,1
10,AOG74783@H,1
11,ARK08679@H,1
12,ARU07610@H,1
13,ARK08670@H,1
14,ARK08627@H,1
15,ARK08635@H,1
16,ARK08642@H,1
17,ARK08651@H,1
18,ARK08661@H,1
19,ARU07587@H,1
20,ARU07601@H,1
21,ARU07568@H,1
22,ARU07594@H,1
23,APT69890@H,1
24,APT69883@H,1
25,APT69869@H,1
26,APT69849@H,1
27,APT69876@H,1
28,APT69862@H,1
29,APU51916@H,1
30,APU51926@H,1
31,APU51936@H,1
32,ARB07433@H,1
33,ARB07425@H,1
34,ARE29973@H,1
35,ARB07608@H,1
36,ARA15421@H,1
37,ARB07599@H,1
38,ARB07438@H,1
39,ARB07617@H,1
40,ARB07414@H,1
41,ARB07406@H,1
42,ARK08620@H,1
43,ARE29961@H,1
44,ARE29990@H,1
45,ARE30017@H,1
46,ARE29999@H,1
47,ARE30008@H,1
48,ARE29985@H,1
49,ARE29979@H,1
50,ARE29967@H,1
51,ARB07420@H,1
52,ARB07399@H,1
53,ARB07392@H,1
54,ARA15429@H,1
55,APT69856@H,1
56,AZS52618@H,1
57,QEO75985@H,1
58,QEG03731@H,1
59,QEG03757@H,1
60,QEG03785@H,1
61,QEG03794@H,1
62,QEG03814@H,1
63,QEG03803@H,1
64,QEG03748@H,1
65,QEG03740@H,1
66,QEG03776@H,1
67,QEG03767@H,1
68,AGT51366@H,1
69,AGT51412@H,1
70,AGT51660@H,1
71,AGT51670@H,1
72,AGT51680@H,1
73,AGT51580@H,1
74,AGT51640@H,1
75,AGT51338@H,1
76,AGT51394@H,1
77,AGT51352@H,1
78,AGT51541@H,1
79,AGT51373@H,1
80,AGT51471@H,1
81,AGT51461@H,1
82,AGT51422@H,1
83,AGT51690@H,1
84,AGT51359@H,1
85,AGT51324@H,1
86,AGT51387@H,1
87,AGT51570@H,1
88,AGT51770@H,1
89,AGT51720@H,1
90,AGT51345@H,1
91,AGT51700@H,1
92,AGT51760@H,1
93,AGT51481@H,1
94,AGT51630@H,1
95,AGT51750@H,1
96,AGT51600@H,1
97,AGT51521@H,1
98,AGT51780@H,1
99,AGT51551@H,1
100,AGT51710@H,1
101,AGT21360@H,1
102,AGT21367@H,1
103,AGT21345@H,1
104,AGT51650@H,1
105,AGT51561@H,1
106,AGT51790@H,1
107,AGT51451@H,1
108,AGT51590@H,1
109,AGT51441@H,1
110,AGT51800@H,1
111,AGT51531@H,1
112,AGT51610@H,1
113,AGT51501@H,1
114,AGT51620@H,1
115,AGT51511@H,1
116,AGT51491@H,1
117,AGT51730@H,1
118,AGT51331@H,1
119,AGT51380@H,1
120,ADC35483@H,1
121,ADC35497@H,1
122,ACQ82725@H,1
123,AEN19358@H,1
124,AEN19366@H,1
125,AFD98785@H,1
126,AFD98792@H,1
127,AFD98799@H,1
128,AFD98806@H,1
129,AFD98813@H,1
130,ADN03339@H,1
131,AFD98820@H,1
132,AIV41891@H,1
133,AFD98827@H,1
134,AFD98834@H,1
135,AIV41795@H,1
136,AIV41855@H,1
137,AIV41861@H,1
138,AIV41801@H,1
139,AIV41807@H,1
140,AIV41813@H,1
141,AIV41825@H,1
142,AIV41903@H,1
143,AIV41987@H,1
144,AIV41867@H,1
145,AIV41909@H,1
146,AIV41915@H,1
147,AIV41921@H,1
148,AIV41927@H,1
149,AIV41933@H,1
150,AIV41939@H,1
151,AIV41945@H,1
152,AIV41951@H,1
153,AIV41957@H,1
154,AIV41963@H,1
155,AIV41975@H,1
156,AIV41981@H,1
157,AFD98771@H,1
158,AIV41999@H,1
159,AFO70497@H,1
160,AFQ55884@H,1
161,AFD98764@H,1
162,AFD98757@H,1
163,AIV41993@H,1
164,AFD98778@H,1
165,AFD98750@H,1
166,ACT11030@H,1
167,AMN88686@H,1
168,AMN88694@H,1
169,AGW27836@H,1
170,AGW27854@H,1
171,AGW27872@H,1
172,AJC98135@H,1
173,AGW27863@H,1
174,AGW27881@H,1
175,AGW27845@H,1
176,AGT17769@H,1
177,AIV41777@H,1
178,AIV41783@H,1
179,AIV41969@H,1
180,AWK59949@H,1
181,AWK59931@H,1
182,AWK59961@H,1
183,AWK59967@H,1
184,AWK59973@H,1
185,AJC98127@H,1
186,AWK59955@H,1
187,AWK59943@H,1
188,AIV41789@H,1
189,AIV41819@H,1
190,AIV41831@H,1
191,AIV42005@H,1
192,AIV42011@H,1
193,AOL02453@H,1
194,AMK59677@H,1
195,AIX09799@H,1
196,AIX09807@H,1
197,AIV41837@H,1
198,AQN78656@H,1
199,AIV41849@H,1
200,AIV41897@H,1
201,AQN78664@H,1
202,AGH58717@H,1
203,AQN78672@H,1
204,AIV41873@H,1
205,AIV41879@H,1
206,AIV41885@H,1
207,AQN78680@H,1
208,AQN78688@H,1
209,AQN78696@H,1
210,AIV41843@H,1
211,AFS88936@H,1
212,YP_009047204@H,1
213,AGV08408@H,1
214,AQN78704@H,1
215,AQN78712@H,1
216,AQN78720@H,1
217,AQN78728@H,1
218,AQN78736@H,1
219,AQN78744@H,1
220,AQN78752@H,1
221,AQN78760@H,1
222,AFY13307@H,1
223,YP_007188579@H,1
224,AGG22542@H,1
225,AGV08379@H,1
226,AGV08584@H,1
227,AQN78768@H,1
228,AGV08390@H,1
229,AID50418@H,1
230,AJD81451@H,1
231,AJD81440@H,1
232,AQN78776@H,1
233,AHI48605@H,1
234,AGN70951@H,1
235,AGN70973@H,1
236,AIZ74417@H,1
237,AGN70929@H,1
238,AHI48517@H,1
239,AGV08444@H,1
240,AHB33326@H,1
241,AIZ74433@H,1
242,AIZ74439@H,1
243,AIZ74450@H,1
244,AGN70962@H,1
245,AGV08546@H,1
246,AGV08535@H,1
247,AGV08467@H,1
248,AGV08558@H,1
249,AGV08480@H,1
250,AGV08573@H,1
251,AGV08492@H,1
252,AGV08455@H,1
253,AHI48594@H,1
254,AHI48550@H,1
255,AHI48583@H,1
256,ASU45696@H,1
257,ASU45708@H,1
258,AHI48528@H,1
259,AHI48561@H,1
260,AHI48572@H,1
261,AHI48539@H,1
262,AHC74088@H,1
263,AHC74098@H,1
264,AKM76229@H,1
265,AHE78108@H,1
266,AHN10812@H,1
267,AIY60578@H,1
268,ASU45730@H,1
269,AKM76239@H,1
270,ALX27232@H,1
271,AIY60558@H,1
272,AIY60518@H,1
273,AID55068@H,1
274,AIY60528@H,1
275,AIY60538@H,1
276,ASU45741@H,1
277,ASU45752@H,1
278,ASU45719@H,1
279,AID55069@H,1
280,ASU45763@H,1
281,AIY60588@H,1
282,AID55070@H,1
283,ASU45774@H,1
284,AID55072@H,1
285,ASU45785@H,1
286,AIY60568@H,1
287,AIY60548@H,1
288,ASU45796@H,1
289,ALX27243@H,1
290,AID55071@H,1
291,AYV64549@H,1
292,AID55073@H,1
293,AKN24821@H,1
294,AHZ58501@H,1
295,AKN24812@H,1
296,AKN24803@H,1
297,AKN24830@H,1
298,AKN24767@H,1
299,AKN24758@H,1
300,AHZ64057@H,1
301,AKN24794@H,1
302,AKN24749@H,1
303,AKN24776@H,1
304,AKN24785@H,1
305,AYV64560@H,1
306,AYP10298@H,1
307,AIZ48760@H,1
308,AMQ48993@H,1
309,AVA26873@H,1
310,AKI29284@H,1
311,AQZ41285@H,1
312,APF29061@H,1
313,AKI29255@H,1
314,AKI29265@H,1
315,APF29062@H,1
316,AKI29275@H,1
317,APF29063@H,1
318,ALW82720@H,1
319,ALW82731@H,1
320,ALW82709@H,1
321,AQZ41311@H,1
322,ALW82680@H,1
323,ALW82636@H,1
324,AKK52582@H,1
325,AKK52602@H,1
326,ALW82753@H,1
327,ALW82742@H,1
328,ALW82691@H,1
329,ALW82647@H,1
330,AKK52592@H,1
331,AKK52612@H,1
332,ALW82669@H,1
333,AQZ41322@H,1
334,AQZ41332@H,1
335,ALW82658@H,1
336,AQZ41365@H,1
337,AKL59401@H,1
338,AQZ41376@H,1
339,QCQ29075@H,1
340,AZU90731@H,1
341,AKS48062@H,1
342,AQZ41343@H,1
343,AKJ80137@H,1
344,AQZ41354@H,1
345,ALB08267@H,1
346,ATY74381@H,1
347,ALB08289@H,1
348,ANC28656@H,1
349,ATY74403@H,1
350,ATY74392@H,1
351,AML60270@H,1
352,ANC28645@H,1
353,ALB08278@H,1
354,ATY74414@H,1
355,ANC28667@H,1
356,ANC28678@H,1
357,ALD51904@H,1
358,ALB08300@H,1
359,ALB08257@H,1
360,ALB08311@H,1
361,ANC28689@H,1
362,ALB08322@H,1
363,ANC28700@H,1
364,ALB08246@H,1
365,ANC28711@H,1
366,AMQ49015@H,1
367,AXN73393@H,1
368,AMQ49026@H,1
369,AMQ49037@H,1
370,AMQ49048@H,1
371,AMQ49070@H,1
372,AXN73426@H,1
373,AXN73437@H,1
374,AXN73415@H,1
375,AXN73404@H,1
376,ARQ84735@H,1
377,AXN73459@H,1
378,AYO86699@H,1
379,AXN73448@H,1
380,AMQ49059@H,1
381,ARQ84768@H,1
382,ANU06084@H,1
383,APF29071@H,1
384,AXN73481@H,1
385,AXN73470@H,1
386,AXN73492@H,1
387,ARQ84757@H,1
388,AXN73503@H,1
389,ARQ84746@H,1
390,AXN73370@H,1
391,AYJ71470@H,1
392,AVV61900@H,1
393,AXN73381@H,1
394,AYJ71481@H,1
395,ANF29217@H,1
396,ANF29228@H,1
397,AXN73514@H,1
398,ANF29173@H,1
399,ANF29184@H,1
400,ANF29195@H,1
401,ANF29206@H,1
402,ANF29162@H,1
403,AVR40342@H,1
404,ANF29239@H,1
405,ANF29250@H,1
406,ANF29261@H,1
407,ANF29272@H,1
408,AST12964@H,1
409,ATG84679@H,1
410,ATG84690@H,1
411,ATG84701@H,1
412,AVQ05264@H,1
413,ATG84712@H,1
414,ATG84756@H,1
415,ATG84723@H,1
416,ATG84745@H,1
417,ATG84734@H,1
418,ATG84888@H,1
419,ATG84789@H,1
420,ATG84800@H,1
421,ATG84778@H,1
422,AXN73525@H,1
423,ATG84767@H,1
424,ATG84822@H,1
425,ATG84833@H,1
426,ATG84844@H,1
427,ATG84855@H,1
428,ATG84811@H,1
429,AWM99582@H,1
430,ATG84877@H,1
431,ATG84866@H,1
432,AXG21654@H,1
433,AWU59321@H,1
434,AWW13566@H,1
435,AWW13575@H,1
436,AZP73840@H,1
437,ATG84921@H,1
438,ATN39872@H,1
439,ATG84910@H,1
440,AVR40344@H,1
441,ATG84899@H,1
442,AXG21665@H,1
443,AXN92228@H,1
444,AXN92260@H,1
445,AYV99747@H,1
446,AYV99761@H,1
447,AYV99775@H,1
448,AYV99789@H,1
449,AYV99803@H,1
450,AVK87318@H,1
451,AYV99817@H,1
452,AVK87329@H,1
453,AVK87340@H,1
454,AXN73359@H,1
455,AXN92238@H,1
456,AVK87351@H,1
457,AYN64561@H,1
458,AXN92249@H,1
459,AVK87362@H,1
460,AVK87373@H,1
461,AVK87384@H,1
462,AVK87450@H,1
463,AVK87406@H,1
464,AVK87395@H,1
465,AVK87461@H,1
466,AVK87439@H,1
467,AVK87417@H,1
468,AVK87428@H,1
469,QBF80455@H,1
470,QBF80466@H,1
471,QBF80477@H,1
472,QBF80488@H,1
473,QDH43719@H,1
474,QBF80499@H,1
475,QBF80510@H,1
476,QBF80521@H,1
477,QBF80532@H,1
478,QED88019@H,1
479,QBF80543@H,1
480,QED88040@H,1
481,QBF80554@H,1
482,QED88026@H,1
483,QED88012@H,1
484,QBF80611@H,1
485,AYM48030@H,1
486,QBF80565@H,1
487,QBF80576@H,1
488,QED88033@H,1
489,QBF80598@H,1
490,QBF80587@H,1
491,AZK15900@H,1
492,QEJ82215@H,1
493,QEJ82226@H,1
494,QDP16195@H,1
495,QDP16206@H,1
496,YP_009724390@H,1
497,QHD43416@H,1
498,QHO62112@H,1
499,QHO62107@H,1
500,QHO62877@H,1
501,QHQ71973@H,1
502,QHQ82464@H,1
503,QHQ71963@H,1
504,YP_173238@H,1
505,AAT98580@H,1
506,AAP41037@H,1
507,ADP06504@N,0
508,ADP06515@N,0
509,ABG89335@N,0
510,ADV71797@N,0
511,ADV71810@N,0
512,ADV71772@N,0
513,ADV71785@N,0
514,ACQ55230@N,0
515,ADV71822@N,0
516,ADA83537@N,0
517,ADA83497@N,0
518,ADV71760@N,0
519,AFX81091@N,0
520,ADA83507@N,0
521,ADA83547@N,0
522,ACN71196@N,0
523,AEQ61968@N,0
524,AFX81098@N,0
525,AFX81108@N,0
526,ADA83557@N,0
527,AXB38894@N,0
528,ADP06459@N,0
529,ADP06471@N,0
530,ABG89288@N,0
531,ADA83517@N,0
532,ALH21111@N,0
533,ADA83567@N,0
534,AGK85499@N,0
535,AEQ55004@N,0
536,ABG89306@N,0
537,ASV64286@N,0
538,AFQ31010@N,0
539,ADV71734@N,0
540,ADA83527@N,0
541,ADV71747@N,0
542,ACV87265@N,0
543,QHB80054@N,0
544,ADA83477@N,0
545,AXR85432@N,0
546,ACH72794@N,0
547,AFQ94231@N,0
548,APY26728@N,0
549,ADP06481@N,0
550,ADP06492@N,0
551,ACV87276@N,0
552,ALS35469@N,0
553,AQY55830@N,0
554,ACV87254@N,0
555,AFQ94240@N,0
556,ARS22410@N,0
557,APY23479@N,0
558,ACV87236@N,0
559,ADA83490@N,0
560,AKZ66476@N,0
561,AKV63205@N,0
562,APY26745@N,0
563,ADI54955@N,0
564,APZ73706@N,0
565,ARS22420@N,0
566,ARB66180@N,0
567,APY23533@N,0
568,AEJ80238@N,0
569,AKA65829@N,0
570,APU51838@N,0
571,ARS22460@N,0
572,APY23542@N,0
573,ACU31032@N,0
574,ADA83467@N,0
575,AFE48795@N,0
576,YP_005454245@N,0
577,QAT77248@N,0
578,ARB66117@N,0
579,ARB66135@N,0
580,AQY55803@N,0
581,APY23524@N,0
582,APY23569@N,0
583,ADI54945@N,0
584,AFE48805@N,0
585,AFE48817@N,0
586,AFE48827@N,0
587,AFD29201@N,0
588,AFD29209@N,0
589,AFD29217@N,0
590,AFD29226@N,0
591,AFD29244@N,0
592,YP_005352863@N,0
593,YP_005352846@N,0
594,YP_005352854@N,0
595,YP_005352838@N,0
596,YP_005352881@N,0
597,ARS22400@N,0
598,ARB66162@N,0
599,APY23623@N,0
600,APZ73843@N,0
601,ADK66841@N,0
602,AFW97360@N,0
603,AFQ31000@N,0
604,AFI49431@N,0
605,AEK31974@N,0
606,AEK31975@N,0
607,AEK31976@N,0
608,AEK31977@N,0
609,AEK31978@N,0
610,AEK31979@N,0
611,AEK31980@N,0
612,AEK31981@N,0
613,AEK31982@N,0
614,AEK31983@N,0
615,AEK31984@N,0
616,AFD29234@N,0
617,AGG55745@N,0
618,ALQ43515@N,0
619,YP_005352871@N,0
620,APY26781@N,0
621,AOC59723@N,0
622,APZ73652@N,0
623,YP_003858584@N,0
624,AMO03292@N,0
625,ARS22430@N,0
626,APY23551@N,0
627,APY23578@N,0
628,APY23587@N,0
629,APY26710@N,0
630,AGC01542@N,0
631,AFE85962@N,0
632,ADY62552@N,0
633,AHB78800@N,0
634,AFD29187@N,0
635,AJR29313@N,0
636,ASM61960@N,0
637,APY26843@N,0
638,AQD20683@N,0
639,AQD20728@N,0
640,ANO81443@N,0
641,ARS22450@N,0
642,ARB66108@N,0
643,ARB66189@N,0
644,APY23596@N,0
645,AFA51944@N,0
646,AFJ11176@N,0
647,ADY62542@N,0
648,AEP84736@N,0
649,AEP84746@N,0
650,AFD29194@N,0
651,AKG92640@N,0
652,APY26789@N,0
653,APY26798@N,0
654,AQD20674@N,0
655,AQD20692@N,0
656,AQD20701@N,0
657,APZ73760@N,0
658,YP_009513021@N,0
659,AZF86130@N,0
660,YP_009256197@N,0
661,ARS22440@N,0
662,AQY55893@N,0
663,ARB66126@N,0
664,ARB66198@N,0
665,AQY55848@N,0
666,AQY55812@N,0
667,AQY55821@N,0
668,AQY55884@N,0
669,ANI87711@N,0
670,AUM60014@N,0
671,AFB74177@N,0
672,AFB74178@N,0
673,AFB74179@N,0
674,AFB74180@N,0
675,AFB74181@N,0
676,AFB74182@N,0
677,AIG54283@N,0
678,AHX37558@N,0
679,AGY29650@N,0
680,AFU35747@N,0
681,AFU35750@N,0
682,AGC74176@N,0
683,AGZ84516@N,0
684,AGZ84526@N,0
685,AGZ84536@N,0
686,AGE13891@N,0
687,AJT47878@N,0
688,AJT47887@N,0
689,AJT47896@N,0
690,AJT47941@N,0
691,AJT47959@N,0
692,AIA62200@N,0
693,AIA62246@N,0
694,ALC78738@N,0
695,ASM61973@N,0
696,AUM60024@N,0
697,AZF86118@N,0
698,APY26736@N,0
699,APY26754@N,0
700,APY26763@N,0
701,APW85767@N,0
702,AQD20710@N,0
703,QDA76273@N,0
704,AZA07860@N,0
705,QDA76282@N,0
706,YP_009199609@N,0
707,AMZ01557@N,0
708,ARO76382@N,0
709,AQY03959@N,0
710,AQY55839@N,0
711,AMB66488@N,0
712,AFP36389@N,0
713,AGZ20168@N,0
714,AGX27799@N,0
715,AGX27810@N,0
716,AFU35748@N,0
717,AFU35749@N,0
718,AFU35751@N,0
719,AFU35752@N,0
720,AFU35753@N,0
721,AFU35754@N,0
722,AGG55750@N,0
723,AJT47869@N,0
724,AJP16721@N,0
725,AIA62206@N,0
726,AIA62212@N,0
727,AIA62227@N,0
728,AIA62259@N,0
729,AIA62277@N,0
730,AIA62352@N,0
731,ALE71331@N,0
732,AKQ63083@N,0
733,ATJ01093@N,0
734,AVI69519@N,0
735,YP_009200735@N,0
736,ARI44809@N,0
737,APY26852@N,0
738,APY26861@N,0
739,AQD20719@N,0
740,YP_009513010@N,0
741,AQK38168@N,0
742,AQY03968@N,0
743,APX44047@N,0
744,APY23497@N,0
745,APY23506@N,0
746,APY23515@N,0
747,AQY55866@N,0
748,AVX27612@N,0
749,AMD11130@N,0
750,AMD11142@N,0
751,AMD11153@N,0
752,AMD11164@N,0
753,AMD11175@N,0
754,AMD11186@N,0
755,AMD11197@N,0
756,AMD11208@N,0
757,AMD11219@N,0
758,AMD11230@N,0
759,AIM47748@N,0
760,APU57645@N,0
761,AGY31028@N,0
762,AGY31034@N,0
763,AJT47842@N,0
764,AJT47914@N,0
765,AJT47923@N,0
766,AJT47932@N,0
767,AJT47950@N,0
768,AJP16730@N,0
769,AJP16739@N,0
770,AJH76957@N,0
771,AKJ66253@N,0
772,AIA62220@N,0
773,AIA62234@N,0
774,AIA62252@N,0
775,AIA62265@N,0
776,AIA62271@N,0
777,AIA62290@N,0
778,AIA62300@N,0
779,AIA62310@N,0
780,AIA62320@N,0
781,AIA62330@N,0
782,AIA62343@N,0
783,AHL18090@N,0
784,QDI73610@N,0
785,AIY51828@N,0
786,ALC78747@N,0
787,AIF73529@N,0
788,AIF73535@N,0
789,AIF73541@N,0
790,AXQ05191@N,0
791,YP_009336484@N,0
792,ATJ01103@N,0
793,YP_009199790@N,0
794,ARI44804@N,0
795,ARI44789@N,0
796,ARI44794@N,0
797,ARI44799@N,0
798,APY26807@N,0
799,ANY59000@N,0
800,APZ73661@N,0
801,APZ73697@N,0
802,APZ73724@N,0
803,APZ73742@N,0
804,APZ73751@N,0
805,APZ73778@N,0
806,AXQ05201@N,0
807,QDA76327@N,0
808,YP_009201730@N,0
809,ANO81454@N,0
810,ASY91956@N,0
811,ASY91957@N,0
812,ARB66144@N,0
813,APX44038@N,0
814,APX44056@N,0
815,AQY55875@N,0
816,AQT26498@N,0
817,AQY55857@N,0
818,APZ73816@N,0
819,AKS25225@N,0
820,AKS25234@N,0
821,AKS25243@N,0
822,AKS25252@N,0
823,AJT47851@N,0
824,AJT47860@N,0
825,AJT47905@N,0
826,AJP16712@N,0
827,AKF17724@N,0
828,AHY04230@N,0
829,AOI28259@N,0
830,AOI28267@N,0
831,AOI28275@N,0
832,AOI28283@N,0
833,AOI28291@N,0
834,AUG59156@N,0
835,AUG59164@N,0
836,ARS23152@N,0
837,ARS23139@N,0
838,AUV64572@N,0
839,AQY61323@N,0
840,AQY61305@N,0
841,AQY61314@N,0
842,ASR75145@N,0
843,QDA76336@N,0
844,AVI15044@N,0
845,AVI15033@N,0
846,AVI15022@N,0
847,APZ73769@N,0
848,QDY92469@N,0
849,QDY92475@N,0
850,AVI15000@N,0
851,AVI15011@N,0
852,AZN28593@N,0
853,AYA44731@N,0
854,AYA44691@N,0
855,QAA92377@N,0
856,QCC20713@N,0
857,QEH60463@N,0
858,API61790@N,0
859,APQ31244@N,0
860,ASR18938@N,0
861,ASR18946@N,0
862,AMD40263@N,0
863,AOG74789@N,0
864,ATY72312@N,0
865,ATY72306@N,0
866,ASR75139@N,0
867,ATI09437@N,0
868,YP_009389425@N,0
869,APY26772@N,0
870,APZ73715@N,0
871,QAA92387@N,0
872,AYA44701@N,0
873,AZF86124@N,0
874,AYF53093@N,0
875,APG38198@N,0
876,APR64495@N,0
877,AQS99154@N,0
878,QGR15739@N,0
879,AVR48519@N,0
880,AQY61369@N,0
881,AVY53336@N,0
882,QEI10561@N,0
883,AZP23930@N,0
884,AZA07514@N,0
885,ARJ35791@N,0
886,ARJ35789@N,0
887,QCT24237@N,0
888,QDA76291@N,0
889,AZP23949@N,0
890,AYA44721@N,0
891,AYA44711@N,0
892,QDA76246@N,0
893,QDA76237@N,0
894,QCX41896@N,0
895,AYU65233@N,0
896,QGM12429@N,0
897,QGM12416@N,0
898,QGM12391@N,0
899,QGM12378@N,0
900,QGM12404@N,0
901,ATN23889@N,0
902,AVM80632@N,0
903,AVM80596@N,0
904,AVM80677@N,0
905,AVM80650@N,0
906,AVM80560@N,0
907,AVM80713@N,0
908,AVM80524@N,0
909,AVM80722@N,0
910,AVM80533@N,0
911,AVM80749@N,0
912,AVI69453@N,0
913,AVM80695@N,0
914,AVM80614@N,0
915,AVM80704@N,0
916,AVM80668@N,0
917,AVM80605@N,0
918,AVM80659@N,0
919,AVM80587@N,0
920,AVM80641@N,0
921,AVM80758@N,0
922,AVM80551@N,0
923,AVM80740@N,0
924,AVM80569@N,0
925,AVM80776@N,0
926,AVM80731@N,0
927,AVM80767@N,0
928,AVM80623@N,0
929,AVM80686@N,0
930,AVM80578@N,0
931,AVM80542@N,0
932,AZA07833@N,0
933,AVZ61082@N,0
934,QDA76255@N,0
935,AWV67125@N,0
936,AWV67116@N,0
937,AWV67107@N,0
938,AWV67134@N,0
939,AZA07824@N,0
940,QDA76300@N,0
941,QDA76228@N,0
942,QDA76219@N,0
943,AZA07842@N,0
944,AZU96327@N,0
945,AZA07856@N,0
946,QDA76264@N,0
947,QGX41969@N,0
948,QGX41945@N,0
949,QGX41957@N,0
950,QGX41963@N,0
951,QGX41951@N,0
952,QCC26602@N,0
953,QEH62669@N,0
954,QCC26595@N,0
955,QDY92481@N,0
956,QCC26581@N,0
957,QCC26588@N,0
958,AFO11507@N,0
959,AFO11517@N,0
960,ALJ77587@N,0
961,ALJ77588@N,0
962,QDQ69095@N,0
963,QDQ69121@N,0
964,QDQ69108@N,0
965,ACT10948@N,0
966,ACJ66946@N,0
967,ACJ66961@N,0
968,ACJ66971@N,0
969,ACJ66977@N,0
970,ACJ66990@N,0
971,ACJ67000@N,0
972,ACJ67012@N,0
973,ACT11019@N,0
974,ACT10983@N,0
975,QDQ69134@N,0
976,QDQ69147@N,0
977,ADI80513@N,0
978,ADI80523@N,0
979,YP_009019182@N,0
980,AML22777@N,0
981,ACT10959@N,0
982,ACT11007@N,0
983,ACT10995@N,0
984,ASW30994@N,0
985,APV46148@N,0
986,ACT10854@N,0
987,ACH72804@N,0
988,AFD56973@N,0
989,AFK10254@N,0
990,ABA02260@N,0
991,AEO86768@N,0
992,AEO88934@N,0
993,AKC54428@N,0
994,QDQ69160@N,0
995,AEB00706@N,0
996,AFU92104@N,0
997,AFU92113@N,0
998,YP_006908642@N,0
999,AFU92095@N,0
1000,ADM33558@N,0
1001,ADM33566@N,0
1002,ACN89689@N,0
1003,ADM33574@N,0
1004,ADM33582@N,0
1005,APV46102@N,0
1006,AGT21333@N,0
1007,YP_008439202@N,0
1008,AFU92086@N,0
1009,ASV64295@N,0
1010,ASV64304@N,0
1011,AFU92070@N,0
1012,AFU92078@N,0
1013,ASV64277@N,0
1014,ACJ12035@N,0
1015,ACJ12044@N,0
1016,ACJ12053@N,0
1017,YP_002308497@N,0
1018,YP_002308479@N,0
1019,APV46094@N,0
1020,ACT10887@N,0
1021,ASV64313@N,0
1022,ASV64322@N,0
1023,ASV64331@N,0
1024,ACT10906@N,0
1025,ACJ12062@N,0
1026,YP_002308506@N,0
1027,ACT10876@N,0
1028,AEL12221@N,0
1029,ACT10896@N,0
1030,ACT10970@N,0
1031,ACT10865@N,0
1032,ACT10937@N,0
1033,ACT10927@N,0
1034,ACT10916@N,0
1035,ADL71446@N,0
1036,ADL71455@N,0
1037,APO40579@N,0
1038,ADO39828@N,0
1039,ADO39839@N,0
1040,AEB00715@N,0
1041,ACZ71782@N,0
1042,ACS44218@N,0
1043,ADL71466@N,0
1044,ADL71497@N,0
1045,ADC35461@N,0
1046,ADC35472@N,0
1047,ACZ71752@N,0
1048,ACZ71811@N,0
1049,ACZ71931@N,0
1050,ACZ71767@N,0
1051,AHB73999@N,0
1052,ADC35511@N,0
1053,ADL71476@N,0
1054,ADO39817@N,0
1055,ADO39850@N,0
1056,ADL71486@N,0
1057,ASV64340@N,0
1058,ACZ71797@N,0
1059,ACZ71826@N,0
1060,ACZ71841@N,0
1061,ACZ71856@N,0
1062,ACZ71871@N,0
1063,ACZ71886@N,0
1064,ACZ71901@N,0
1065,ACZ71916@N,0
1066,ACZ71946@N,0
1067,ACZ71976@N,0
1068,ACZ72020@N,0
1069,ACZ72050@N,0
1070,ACZ72065@N,0
1071,ACZ72093@N,0
1072,ACZ72180@N,0
1073,ASV64367@N,0
1074,ASV64349@N,0
1075,ASV64358@N,0
1076,AHI85760@N,0
1077,AKN20490@N,0
1078,APD51491@N,0
1079,ACZ71961@N,0
1080,ACZ72108@N,0
1081,ACZ72166@N,0
1082,ACZ72195@N,0
1083,ACZ72254@N,0
1084,AEA10788@N,0
1085,AEA10803@N,0
1086,AEA10818@N,0
1087,AEA10833@N,0
1088,AUF40275@N,0
1089,AEA10518@N,0
1090,AEA10533@N,0
1091,AEA10548@N,0
1092,AEA10563@N,0
1093,AEA10578@N,0
1094,AEA10638@N,0
1095,AEA10653@N,0
1096,AEA10668@N,0
1097,AEA10683@N,0
1098,AEA10698@N,0
1099,AEA10743@N,0
1100,AEA10758@N,0
1101,AEA10773@N,0
1102,AEA10593@N,0
1103,AEA10608@N,0
1104,AEA10923@N,0
1105,AEA10938@N,0
1106,AEA10953@N,0
1107,AEA10968@N,0
1108,AEA10983@N,0
1109,AEA10398@N,0
1110,AEA10413@N,0
1111,AEA10428@N,0
1112,AEA10443@N,0
1113,AEA10458@N,0
1114,AEA10623@N,0
1115,AEA10713@N,0
1116,AEA10728@N,0
1117,AEA10848@N,0
1118,AEA10863@N,0
1119,AEA10878@N,0
1120,AEA10893@N,0
1121,AEA10908@N,0
1122,AEA10473@N,0
1123,AEA10488@N,0
1124,AEA10503@N,0
1125,ADB28907@N,0
1126,ACZ72005@N,0
1127,ACZ72035@N,0
1128,ACZ72078@N,0
1129,ACZ72136@N,0
1130,ACZ72210@N,0
1131,ACZ72225@N,0
1132,ACZ72269@N,0
1133,ACZ71991@N,0
1134,ACZ72122@N,0
1135,ACZ72151@N,0
1136,ACZ72240@N,0
1137,AYG86347@N,0
1138,ACZ72284@N,0
1139,AFM43867@N,0
1140,ALR84908@N,0
1141,APZ73679@N,0
1142,AEA10998@N,0
1143,AEA11013@N,0
1144,AGT20898@N,0
1145,AGT21063@N,0
1146,AGT21093@N,0
1147,AGT21243@N,0
1148,ADD62481@N,0
1149,APY26726@N,0
1150,AGT20808@N,0
1151,AGT20913@N,0
1152,AGT20928@N,0
1153,AGT21138@N,0
1154,AGT21258@N,0
1155,AGT21273@N,0
1156,APD51499@N,0
1157,AGT20883@N,0
1158,AGT21108@N,0
1159,AGT21123@N,0
1160,AGT21153@N,0
1161,AGT21183@N,0
1162,AGT21318@N,0
1163,APZ73733@N,0
1164,APY26879@N,0
1165,APZ73688@N,0
1166,ALR84915@N,0
1167,YP_009199242@N,0
1168,AHX26055@N,0
1169,AHX26100@N,0
1170,APZ73825@N,0
1171,AVP25406@N,0
1172,AGZ89681@N,0
1173,APY26834@N,0
1174,AHX26064@N,0
1175,QBM00061@N,0
1176,AFR58686@N,0
1177,AFR58700@N,0
1178,AFR58728@N,0
1179,AFR58742@N,0
1180,AFR58672@N,0
1181,AFR58714@N,0
1182,AEK25521@N,0
1183,APY26825@N,0
1184,APZ73787@N,0
1185,APD51507@N,0
1186,APD51475@N,0
1187,APD51483@N,0
1188,YP_009328935@N,0
1189,AEK25511@N,0
1190,AFU92122@N,0
1191,AFU92131@N,0
1192,AGT52080@N,0
1193,AFX59327@N,0
1194,AGT20793@N,0
1195,AGT20823@N,0
1196,AGT20838@N,0
1197,AGT20853@N,0
1198,AGT20868@N,0
1199,AGT20943@N,0
1200,AGT20958@N,0
1201,AGT20973@N,0
1202,AGT20988@N,0
1203,AGT21003@N,0
1204,AGT21018@N,0
1205,AGT21033@N,0
1206,AGT21048@N,0
1207,AGT21078@N,0
1208,AGT21168@N,0
1209,AGT21198@N,0
1210,AGT21213@N,0
1211,AGT21228@N,0
1212,AGT21288@N,0
1213,AGT21303@N,0
1214,ASL24654@N,0
1215,APV46121@N,0
1216,APZ73670@N,0
1217,AYL64492@N,0
1218,AFV09314@N,0
1219,AFP23843@N,0
1220,QCQ19966@N,0
1221,AFR54326@N,0
1222,QCQ19930@N,0
1223,QCQ19936@N,0
1224,QCQ19960@N,0
1225,QCQ19954@N,0
1226,QCQ19948@N,0
1227,AHX26073@N,0
1228,QCQ19984@N,0
1229,AHB74007@N,0
1230,AJP67420@N,0
1231,AFV46344@N,0
1232,AGZ48806@N,0
1233,AFC98504@N,0
1234,QCQ20026@N,0
1235,AFQ37598@N,0
1236,AGA94620@N,0
1237,QGZ28404@N,0
1238,AFB77234@N,0
1239,AHX26118@N,0
1240,QAR17949@N,0
1241,QCQ19942@N,0
1242,QCQ20014@N,0
1243,AHX25911@N,0
1244,AHX26127@N,0
1245,AJP67402@N,0
1246,AKC34133@N,0
1247,AHX26136@N,0
1248,AHX25920@N,0
1249,AGC74165@N,0
1250,AHX25893@N,0
1251,QCQ20020@N,0
1252,AQW43023@N,0
1253,AHN54764@N,0
1254,YP_009380521@N,0
1255,AGJ98437@N,0
1256,AHG97559@N,0
1257,AHX26082@N,0
1258,APD70934@N,0
1259,APV46112@N,0
1260,AQD20737@N,0
1261,AFQ94222@N,0
1262,AHX25929@N,0
1263,AGZ89672@N,0
1264,QCQ20032@N,0
1265,AFW98998@N,0
1266,APV46139@N,0
1267,AHX25947@N,0
1268,AHX26145@N,0
1269,AHX25938@N,0
1270,AHX26154@N,0
1271,AHX26172@N,0
1272,AJP67414@N,0
1273,QCE31533@N,0
1274,AFX98013@N,0
1275,AIJ01335@N,0
1276,AIJ01341@N,0
1277,QCQ19798@N,0
1278,AFP81695@N,0
1279,AVK78141@N,0
1280,AGR51642@N,0
1281,AJP67396@N,0
1282,AJP67426@N,0
1283,AIE15935@N,0
1284,AGG55737@N,0
1285,AGZ48818@N,0
1286,APV46184@N,0
1287,APW85794@N,0
1288,AHX25956@N,0
1289,AQD20746@N,0
1290,AGM75126@N,0
1291,AJA91196@N,0
1292,AJA91207@N,0
1293,AJA91217@N,0
1294,YP_009113025@N,0
1295,QBP43256@N,0
1296,AHX25902@N,0
1297,APY23605@N,0
1298,AHB73989@N,0
1299,QCQ19876@N,0
1300,QCQ19822@N,0
1301,QCQ19864@N,0
1302,QCQ19804@N,0
1303,AXE71621@N,0
1304,APU51865@N,0
1305,AFY11698@N,0
1306,QCQ19972@N,0
1307,AFY11707@N,0
1308,AHX25965@N,0
1309,AQD20755@N,0
1310,AIG54295@N,0
1311,AGK89914@N,0
1312,AGZ48831@N,0
1313,APV46157@N,0
1314,APU51847@N,0
1315,QBP43268@N,0
1316,QCQ19828@N,0
1317,ATO98132@N,0
1318,ATO98145@N,0
1319,ATO98120@N,0
1320,QCQ19834@N,0
1321,QCQ20008@N,0
1322,AHX26109@N,0
1323,AHX25974@N,0
1324,AGT17716@N,0
1325,AGT17727@N,0
1326,AGT17738@N,0
1327,AGT17749@N,0
1328,AHX25983@N,0
1329,AWV57054@N,0
1330,AKE53205@N,0
1331,ASV64375@N,0
1332,ANA96039@N,0
1333,QCQ19858@N,0
1334,QCQ19810@N,0
1335,QDQ69173@N,0
1336,AHN49809@N,0
1337,AHX26163@N,0
1338,AJO26973@N,0
1339,AJO26983@N,0
1340,AJO26993@N,0
1341,AJO27003@N,0
1342,AJO27013@N,0
1343,AJO27023@N,0
1344,AWR92745@N,0
1345,APY26816@N,0
1346,ASV64384@N,0
1347,QCQ19816@N,0
1348,AWV57048@N,0
1349,ALL27302@N,0
1350,APV46166@N,0
1351,AHW40030@N,0
1352,QCQ19996@N,0
1353,ARJ34226@N,0
1354,YP_009361857@N,0
1355,ASV64393@N,0
1356,ASV64402@N,0
1357,AHF20045@N,0
1358,AHM88217@N,0
1359,AJP67432@N,0
1360,APW85785@N,0
1361,AKA60054@N,0
1362,AVU05452@N,0
1363,AJD07366@N,0
1364,AHN64774@N,0
1365,ATO98157@N,0
1366,ATO98193@N,0
1367,ATO98169@N,0
1368,ATO98181@N,0
1369,QBP43279@N,0
1370,AHC03502@N,0
1371,AIL94216@N,0
1372,YP_009072440@N,0
1373,AST13215@N,0
1374,APW85776@N,0
1375,AHC03508@N,0
1376,AGO58924@N,0
1377,AKV60429@N,0
1378,AHN64783@N,0
1379,AIK69675@N,0
1380,AHA38118@N,0
1381,AHA38160@N,0
1382,AKP80610@N,0
1383,AHZ94881@N,0
1384,AHZ94887@N,0
1385,AHN64792@N,0
1386,AKZ19076@N,0
1387,AKZ19087@N,0
1388,AHX26001@N,0
1389,AHX25992@N,0
1390,ANY27037@N,0
1391,AGS12449@N,0
1392,AKP80617@N,0
1393,ARM65485@N,0
1394,APX42107@N,0
1395,AIN52094@N,0
1396,AIN52088@N,0
1397,AKR05178@N,0
1398,APV46175@N,0
1399,QBP43290@N,0
1400,AHA38139@N,0
1401,AID56667@N,0
1402,AIA61014@N,0
1403,AHX26010@N,0
1404,AGY31022@N,0
1405,AID57081@N,0
1406,APZ73834@N,0
1407,AKO90055@N,0
1408,QCQ19978@N,0
1409,AID56673@N,0
1410,AID56679@N,0
1411,AVV62526@N,0
1412,ALK02457@N,0
1413,ATO98205@N,0
1414,AID56685@N,0
1415,AID56691@N,0
1416,AID56697@N,0
1417,AVU05410@N,0
1418,AVU05466@N,0
1419,ANA96027@N,0
1420,AHB79523@N,0
1421,ALM09359@N,0
1422,AID56703@N,0
1423,AID56709@N,0
1424,AID56715@N,0
1425,AID56721@N,0
1426,AKP80589@N,0
1427,ASL68941@N,0
1428,AHG97485@N,0
1429,AID56727@N,0
1430,AVU05424@N,0
1431,AVU05417@N,0
1432,ARB66171@N,0
1433,APY23614@N,0
1434,ALM09364@N,0
1435,AID56733@N,0
1436,AML40818@N,0
1437,AID56739@N,0
1438,AID56745@N,0
1439,AID56751@N,0
1440,AID56757@N,0
1441,AID56763@N,0
1442,AHY22525@N,0
1443,AHY22535@N,0
1444,AHY22545@N,0
1445,AHY22555@N,0
1446,AHY22565@N,0
1447,AIN52100@N,0
1448,AIN52106@N,0
1449,AID56769@N,0
1450,AID56775@N,0
1451,AID57105@N,0
1452,AID56781@N,0
1453,AID56787@N,0
1454,ALM09370@N,0
1455,AHE78097@N,0
1456,AID56793@N,0
1457,AID56799@N,0
1458,AID57039@N,0
1459,ANY27031@N,0
1460,AOC38021@N,0
1461,AHX26019@N,0
1462,AID56805@N,0
1463,AID57087@N,0
1464,AID56811@N,0
1465,AID56817@N,0
1466,AID56823@N,0
1467,AHX26028@N,0
1468,AID56829@N,0
1469,AID56835@N,0
1470,AID56841@N,0
1471,AID56847@N,0
1472,AID56853@N,0
1473,AID56865@N,0
1474,AID57093@N,0
1475,AHX26037@N,0
1476,AHX26046@N,0
1477,AID56871@N,0
1478,AID56877@N,0
1479,AID56859@N,0
1480,AID56889@N,0
1481,AID56895@N,0
1482,AHX00731@N,0
1483,AID56883@N,0
1484,AID56901@N,0
1485,AIN52112@N,0
1486,AIN52118@N,0
1487,AIN52124@N,0
1488,AIN52130@N,0
1489,AIN52136@N,0
1490,AKR05184@N,0
1491,AID66720@N,0
1492,AID56913@N,0
1493,AID56919@N,0
1494,AID56907@N,0
1495,AID57099@N,0
1496,AID56925@N,0
1497,AID56937@N,0
1498,AID56943@N,0
1499,AID56949@N,0
1500,AID56931@N,0
1501,QCQ20002@N,0
1502,AID56955@N,0
1503,AKP80596@N,0
1504,AKP80603@N,0
1505,AID56973@N,0
1506,AID56979@N,0
1507,AID56961@N,0
1508,AID56967@N,0
1509,AID56985@N,0
1510,AID56991@N,0
1511,AID56997@N,0
1512,AID57003@N,0
1513,AID57009@N,0
1514,AID57015@N,0
1515,AID57021@N,0
1516,AID57051@N,0
1517,AHX26091@N,0
1518,AID57027@N,0
1519,AID57033@N,0
1520,AHX00711@N,0
1521,AHX00721@N,0
1522,AMD11124@N,0
1523,AMD11118@N,0
1524,AKP80624@N,0
1525,AMR60480@N,0
1526,AJP67438@N,0
1527,AJP67444@N,0
1528,AID57045@N,0
1529,AMS37100@N,0
1530,AKJ21725@N,0
1531,ARJ54146@N,0
1532,AHL45007@N,0
1533,AMS37110@N,0
1534,AKJ21779@N,0
1535,AIB07785@N,0
1536,AIB07793@N,0
1537,AKJ21797@N,0
1538,QCQ19852@N,0
1539,AIB07800@N,0
1540,AKJ21701@N,0
1541,AKJ21821@N,0
1542,AHL38184@N,0
1543,ATN37896@N,0
1544,ATN37888@N,0
1545,ASV64411@N,0
1546,AKJ21827@N,0
1547,AKP80631@N,0
1548,AIK28708@N,0
1549,AKJ22175@N,0
1550,AID57057@N,0
1551,AHN60052@N,0
1552,AIB07807@N,0
1553,AID57063@N,0
1554,AKJ21893@N,0
1555,AID57069@N,0
1556,ASV64420@N,0
1557,AHN16220@N,0
1558,AHX58670@N,0
1559,AHX58676@N,0
1560,AHX58682@N,0
1561,AID57075@N,0
1562,AKJ21803@N,0
1563,ASV64429@N,0
1564,AIJ19445@N,0
1565,ASV64438@N,0
1566,AML40867@N,0
1567,AML40874@N,0
1568,ALM09375@N,0
1569,AML40860@N,0
1570,AKJ21755@N,0
1571,AKJ21941@N,0
1572,AKJ21707@N,0
1573,AIA60973@N,0
1574,AKJ21905@N,0
1575,AHN16227@N,0
1576,AKJ21845@N,0
1577,AHX71946@N,0
1578,AKJ21977@N,0
1579,AKJ21989@N,0
1580,AKJ21995@N,0
1581,AKJ22211@N,0
1582,AKJ21731@N,0
1583,AIA60994@N,0
1584,ASU45840@N,0
1585,ASU45873@N,0
1586,AKJ22025@N,0
1587,AIA60980@N,0
1588,AHM88400@N,0
1589,AIA61001@N,0
1590,AYS76105@N,0
1591,AML40839@N,0
1592,AML40846@N,0
1593,AKJ21833@N,0
1594,AKJ21851@N,0
1595,AKJ22073@N,0
1596,AKJ22031@N,0
1597,AVV64341@N,0
1598,AJP67450@N,0
1599,AJP67456@N,0
1600,AIH06857@N,0
1601,AIS82613@N,0
1602,AIR95864@N,0
1603,AKJ22037@N,0
1604,ARD05999@N,0
1605,ALT66880@N,0
1606,AKJ21911@N,0
1607,AKJ21947@N,0
1608,AKJ22079@N,0
1609,AKJ21761@N,0
1610,AKP99781@N,0
1611,AKJ22097@N,0
1612,AML40776@N,0
1613,AKJ21917@N,0
1614,AIA60987@N,0
1615,QGQ60228@N,0
1616,AKJ22043@N,0
1617,AKJ22049@N,0
1618,AKJ22085@N,0
1619,AKJ21767@N,0
1620,ALT66870@N,0
1621,AKJ21953@N,0
1622,ASU45829@N,0
1623,QCQ19846@N,0
1624,AKJ21857@N,0
1625,AKJ22103@N,0
1626,AKJ21809@N,0
1627,AKJ21863@N,0
1628,AKJ21959@N,0
1629,AML40783@N,0
1630,AML40895@N,0
1631,AKJ21815@N,0
1632,AJW67223@N,0
1633,QGQ60240@N,0
1634,AIP90486@N,0
1635,QGQ60234@N,0
1636,AIA99518@N,0
1637,AKJ21923@N,0
1638,QGQ60246@N,0
1639,QCQ19882@N,0
1640,AKJ22115@N,0
1641,AKJ22001@N,0
1642,AML40881@N,0
1643,AKJ21929@N,0
1644,AML40888@N,0
1645,AKJ21785@N,0
1646,AIT11900@N,0
1647,AKJ21869@N,0
1648,AKJ21935@N,0
1649,AKJ21965@N,0
1650,AML40790@N,0
1651,AML40797@N,0
1652,AKJ21737@N,0
1653,AKJ22055@N,0
1654,AKJ22127@N,0
1655,AKJ21983@N,0
1656,AKJ22109@N,0
1657,AKJ21875@N,0
1658,AKJ21881@N,0
1659,AKJ21839@N,0
1660,AKJ22121@N,0
1661,AML40811@N,0
1662,ALM31932@N,0
1663,AKJ22007@N,0
1664,AKJ21743@N,0
1665,AKJ22013@N,0
1666,ARB66153@N,0
1667,APY23488@N,0
1668,ALA49341@N,0
1669,APU51856@N,0
1670,AMC39584@N,0
1671,AML40853@N,0
1672,ALJ32185@N,0
1673,AKJ22067@N,0
1674,ASL68953@N,0
1675,ANC68207@N,0
1676,AVV62537@N,0
1677,ALM09382@N,0
1678,AQX36342@N,0
1679,ATO98108@N,0
1680,AML40804@N,0
1681,AKJ21971@N,0
1682,AKJ22133@N,0
1683,AKJ21791@N,0
1684,AML40825@N,0
1685,AML40832@N,0
1686,AKJ22193@N,0
1687,AOG30822@N,0
1688,YP_009273005@N,0
1689,AKJ22199@N,0
1690,ASU45851@N,0
1691,AJG44058@N,0
1692,AJG44069@N,0
1693,AJG44080@N,0
1694,AJG44091@N,0
1695,AJG44102@N,0
1696,AJG44113@N,0
1697,ALA50088@N,0
1698,ALA50095@N,0
1699,ALA50102@N,0
1700,ASU45862@N,0
1701,ASU45818@N,0
1702,ANI69824@N,0
1703,AML40902@N,0
1704,QCQ19906@N,0
1705,QCQ19870@N,0
1706,AKJ22139@N,0
1707,AYR18505@N,0
1708,AYR18455@N,0
1709,AYR18493@N,0
1710,AYR18461@N,0
1711,AYR18436@N,0
1712,AYR18473@N,0
1713,AYR18487@N,0
1714,AYR18511@N,0
1715,AYR18400@N,0
1716,AYR18481@N,0
1717,AYR18499@N,0
1718,AYR18412@N,0
1719,AYR18442@N,0
1720,AYR18418@N,0
1721,AYR18406@N,0
1722,AYR18430@N,0
1723,AYR18424@N,0
1724,AYR18448@N,0
1725,AYR18479@N,0
1726,AML83916@N,0
1727,ALA49352@N,0
1728,ALA49363@N,0
1729,ARJ31774@N,0
1730,APY26870@N,0
1731,QCQ19888@N,0
1732,AKH45338@N,0
1733,AKH45344@N,0
1734,QCI31469@N,0
1735,QCI31480@N,0
1736,AVU05438@N,0
1737,AVU05459@N,0
1738,AVU05361@N,0
1739,AKV62755@N,0
1740,QCQ19900@N,0
1741,QCQ19894@N,0
1742,QGA70702@N,0
1743,ANA67905@N,0
1744,QGA70692@N,0
1745,QCQ20074@N,0
1746,ALM09388@N,0
1747,AKJ21773@N,0
1748,QCQ19840@N,0
1749,AKJ22181@N,0
1750,AKJ22187@N,0
1751,ANI21149@N,0
1752,ANA67916@N,0
1753,ANA67917@N,0
1754,ANA67918@N,0
1755,ALA49374@N,0
1756,ALA49660@N,0
1757,ALA49671@N,0
1758,ALA49682@N,0
1759,ALA49693@N,0
1760,ALA49704@N,0
1761,ALL26396@N,0
1762,ALL26409@N,0
1763,ALS35474@N,0
1764,AYR18467@N,0
1765,AYR18525@N,0
1766,AYR18519@N,0
1767,AYR18513@N,0
1768,AYR18537@N,0
1769,AYR18531@N,0
1770,AKJ21899@N,0
1771,AKJ22019@N,0
1772,ANJ04717@N,0
1773,ANJ04728@N,0
1774,ANA67913@N,0
1775,ALA49616@N,0
1776,ALA49627@N,0
1777,ALA49638@N,0
1778,ALA49649@N,0
1779,ALA50109@N,0
1780,ALA50116@N,0
1781,ALA50123@N,0
1782,AKH45326@N,0
1783,AKH45332@N,0
1784,ALM31938@N,0
1785,AKJ21887@N,0
1786,ALR74757@N,0
1787,ALM31944@N,0
1788,AND76936@N,0
1789,AUZ98436@N,0
1790,ATO98218@N,0
1791,AKJ22061@N,0
1792,AKJ21749@N,0
1793,AMR60833@N,0
1794,APZ73807@N,0
1795,ALA49583@N,0
1796,ALA49594@N,0
1797,ALA49605@N,0
1798,ALA50130@N,0
1799,ALA50137@N,0
1800,ALA50144@N,0
1801,ALA50151@N,0
1802,AKS50222@N,0
1803,AKS50238@N,0
1804,AKS50244@N,0
1805,AVU05431@N,0
1806,ALM09394@N,0
1807,AYR18634@N,0
1808,AYR18616@N,0
1809,AYR18543@N,0
1810,AYR18652@N,0
1811,AYR18607@N,0
1812,AYR18625@N,0
1813,AYR18643@N,0
1814,AKO63237@N,0
1815,AKJ21713@N,0
1816,AYR18549@N,0
1817,AYR18561@N,0
1818,AYR18555@N,0
1819,AYR18599@N,0
1820,AKJ22151@N,0
1821,ALJ52504@N,0
1822,ALS54086@N,0
1823,AMR69050@N,0
1824,APY20694@N,0
1825,ANA67920@N,0
1826,ANA67921@N,0
1827,ALA49385@N,0
1828,ALA49396@N,0
1829,ALA49407@N,0
1830,ALA49418@N,0
1831,ALA49429@N,0
1832,ALA49440@N,0
1833,ALA49451@N,0
1834,ALA49462@N,0
1835,ALA49473@N,0
1836,ALA49484@N,0
1837,ALA49495@N,0
1838,ALA49506@N,0
1839,ALA49517@N,0
1840,ALA49528@N,0
1841,ALA49539@N,0
1842,ALA49550@N,0
1843,ALA49561@N,0
1844,ALA49572@N,0
1845,ALA50158@N,0
1846,ALA50165@N,0
1847,ALA50172@N,0
1848,ALA50179@N,0
1849,ALA50186@N,0
1850,ALB08472@N,0
1851,AKE47378@N,0
1852,AKJ22091@N,0
1853,AKJ22205@N,0
1854,AKJ22145@N,0
1855,AKJ21719@N,0
1856,ANI69835@N,0
1857,AKC54442@N,0
1858,AKC54435@N,0
1859,ASU62488@N,0
1860,AKC34872@N,0
1861,ALA49715@N,0
1862,ALA49726@N,0
1863,ALA49737@N,0
1864,ALA49748@N,0
1865,ALA49759@N,0
1866,ALA49770@N,0
1867,ALA49781@N,0
1868,ALA49792@N,0
1869,ALA50207@N,0
1870,ALA50214@N,0
1871,ALA50221@N,0
1872,ALA50228@N,0
1873,AQZ41296@N,0
1874,AOM53015@N,0
1875,QGQ60288@N,0
1876,ANI85758@N,0
1877,QGQ60216@N,0
1878,AVN89354@N,0
1879,AQT33894@N,0
1880,ALL74066@N,0
1881,AOM53008@N,0
1882,ALF39589@N,0
1883,QGQ60222@N,0
1884,ANI69846@N,0
1885,ASU62499@N,0
1886,ANA67908@N,0
1887,ANA67910@N,0
1888,ANA67911@N,0
1889,ALA49803@N,0
1890,ALA49814@N,0
1891,AYR18679@N,0
1892,AYR18688@N,0
1893,AYR18670@N,0
1894,AYR18585@N,0
1895,AYR18567@N,0
1896,AYR18573@N,0
1897,AYR18591@N,0
1898,ANI69857@N,0
1899,AYR18579@N,0
1900,ANI69868@N,0
1901,ARQ03269@N,0
1902,ANI69878@N,0
1903,ANA78443@N,0
1904,QEY10625@N,0
1905,AVN89334@N,0
1906,ASU90241@N,0
1907,ANA67909@N,0
1908,ANA67912@N,0
1909,ANA67914@N,0
1910,ALA49825@N,0
1911,ALA49836@N,0
1912,ALA49847@N,0
1913,ALA49858@N,0
1914,ALA49869@N,0
1915,ALA49880@N,0
1916,ALA49891@N,0
1917,ALA49902@N,0
1918,ALA49913@N,0
1919,ALA49924@N,0
1920,ALA49935@N,0
1921,ALA49946@N,0
1922,ALA50056@N,0
1923,ALA50067@N,0
1924,ALA50080@N,0
1925,ALA50193@N,0
1926,ALA50200@N,0
1927,ALA50249@N,0
1928,ALA50256@N,0
1929,ALA13745@N,0
1930,ASU90208@N,0
1931,ASU90197@N,0
1932,ASU90901@N,0
1933,ASU90681@N,0
1934,ASU90747@N,0
1935,ASU90186@N,0
1936,ASU90252@N,0
1937,ASU90384@N,0
1938,ASU90758@N,0
1939,ASU90373@N,0
1940,ASU89933@N,0
1941,ASU90593@N,0
1942,ASU90032@N,0
1943,ASU90692@N,0
1944,ASU90494@N,0
1945,ASU90340@N,0
1946,ASU90846@N,0
1947,ASU91032@N,0
1948,ASU90879@N,0
1949,ASU90010@N,0
1950,ASU90670@N,0
1951,ASU90054@N,0
1952,ASU90615@N,0
1953,ASU90076@N,0
1954,ASU89955@N,0
1955,ASU90560@N,0
1956,ASU90043@N,0
1957,ASU90109@N,0
1958,ASU90098@N,0
1959,ASU90164@N,0
1960,ASU90648@N,0
1961,ASU90604@N,0
1962,ASU89966@N,0
1963,ASU90714@N,0
1964,ASU90626@N,0
1965,ASU90725@N,0
1966,ASU90780@N,0
1967,ASU90659@N,0
1968,ASU90571@N,0
1969,ASU90065@N,0
1970,ASU90120@N,0
1971,ASU90142@N,0
1972,ASU90549@N,0
1973,ASU90021@N,0
1974,ASU90637@N,0
1975,ASU89988@N,0
1976,ASU90131@N,0
1977,ASU90219@N,0
1978,ASU90263@N,0
1979,ASU90923@N,0
1980,ASU90824@N,0
1981,ASU90505@N,0
1982,ASU90395@N,0
1983,ASU90966@N,0
1984,ASU90956@N,0
1985,ASU90582@N,0
1986,ASU90912@N,0
1987,ASU89921@N,0
1988,ASU90978@N,0
1989,ASU90483@N,0
1990,ASU90406@N,0
1991,ASU90857@N,0
1992,ASU90945@N,0
1993,ASU91065@N,0
1994,ASU89977@N,0
1995,ASU90791@N,0
1996,ASU90175@N,0
1997,ASU90087@N,0
1998,ASU90988@N,0
1999,ASU90813@N,0
2000,ASU91043@N,0
2001,ASU90417@N,0
2002,ASU91021@N,0
2003,ASU90439@N,0
2004,ASU90428@N,0
2005,ASU90516@N,0
2006,ASU90461@N,0
2007,ASU91010@N,0
2008,ASU90307@N,0
2009,ASU90835@N,0
2010,ASU90868@N,0
2011,ASU89944@N,0
2012,ASU90472@N,0
2013,ASU90538@N,0
2014,ASU90890@N,0
2015,ASU91054@N,0
2016,ASU90285@N,0
2017,ASU90802@N,0
2018,ASU90736@N,0
2019,ASU90934@N,0
2020,ASU90703@N,0
2021,ASU90351@N,0
2022,ASU90527@N,0
2023,ASU90318@N,0
2024,ASU90274@N,0
2025,ASU90329@N,0
2026,ASU90153@N,0
2027,ASU90769@N,0
2028,YP_009194639@N,0
2029,ASU89999@N,0
2030,ASU90999@N,0
2031,ASU90362@N,0
2032,ASU90230@N,0
2033,APV46130@N,0
2034,ATG31100@N,0
2035,AVN89324@N,0
2036,AXP20281@N,0
2037,AXX83351@N,0
2038,ASO96550@N,0
2039,AVN89365@N,0
2040,AKV62619@N,0
2041,AVN89344@N,0
2042,ALD83756@N,0
2043,AMR69043@N,0
2044,AMR69044@N,0
2045,AMR69045@N,0
2046,AMR69046@N,0
2047,AMR69047@N,0
2048,AMR69048@N,0
2049,AMR69049@N,0
2050,AVU05445@N,0
2051,AML40604@N,0
2052,ANA67922@N,0
2053,ANA67923@N,0
2054,ANA67915@N,0
2055,ANA67919@N,0
2056,AMK51938@N,0
2057,AMK51948@N,0
2058,ALA49957@N,0
2059,ALA49968@N,0
2060,ALA49979@N,0
2061,ALA49990@N,0
2062,ALA50001@N,0
2063,ALA50012@N,0
2064,ALA50023@N,0
2065,ALA50034@N,0
2066,ALA50045@N,0
2067,ALA50235@N,0
2068,ALA50242@N,0
2069,ASU91142@N,0
2070,ASU91120@N,0
2071,ASU91076@N,0
2072,ASU91197@N,0
2073,ASU91109@N,0
2074,ASU91208@N,0
2075,ASU91175@N,0
2076,ASU91252@N,0
2077,ASU91325@N,0
2078,ASU91295@N,0
2079,ASU91219@N,0
2080,ASU91098@N,0
2081,ASU91273@N,0
2082,ASU91315@N,0
2083,ASU91305@N,0
2084,ASU91153@N,0
2085,ASU91164@N,0
2086,ASU91131@N,0
2087,ASU91262@N,0
2088,ASU91087@N,0
2089,ASU91230@N,0
2090,ASU91186@N,0
2091,ASU91241@N,0
2092,ANA78450@N,0
2093,ATQ39390@N,0
2094,AXX83297@N,0
2095,ANI69889@N,0
2096,QGQ60252@N,0
2097,AMR59401@N,0
2098,ANA67924@N,0
2099,ART85697@N,0
2100,QGQ60336@N,0
2101,QCQ19912@N,0
2102,QGQ60258@N,0
2103,AXX83303@N,0
2104,QGQ60264@N,0
2105,ATG31094@N,0
2106,ANI69900@N,0
2107,ANI69922@N,0
2108,QGQ60276@N,0
2109,QGQ60270@N,0
2110,AXX83333@N,0
2111,ANI69911@N,0
2112,ANJ04974@N,0
2113,APX42113@N,0
2114,APX42119@N,0
2115,APX42125@N,0
2116,APY23560@N,0
2117,ALP06210@N,0
2118,QGQ60282@N,0
2119,AXX83357@N,0
2120,AXX83363@N,0
2121,AXX83339@N,0
2122,AXX83309@N,0
2123,AXX83315@N,0
2124,AMN91621@N,0
2125,AXX83369@N,0
2126,AMN91670@N,0
2127,ALZ48519@N,0
2128,ALZ48520@N,0
2129,ALZ48521@N,0
2130,ALZ48522@N,0
2131,AVP78042@N,0
2132,QGQ60306@N,0
2133,QGQ60300@N,0
2134,AXX83345@N,0
2135,AXX83327@N,0
2136,ANA78457@N,0
2137,ARC95235@N,0
2138,ARC95274@N,0
2139,AOS89611@N,0
2140,QGQ60318@N,0
2141,QGQ60312@N,0
2142,QGX07410@N,0
2143,ARC95243@N,0
2144,ARC95267@N,0
2145,QCX35167@N,0
2146,QCX35178@N,0
2147,ARC95259@N,0
2148,QGQ60324@N,0
2149,ARC95251@N,0
2150,AXX83321@N,0
2151,ARC95227@N,0
2152,ARC95211@N,0
2153,ARC95219@N,0
2154,AST13221@N,0
2155,AST13227@N,0
2156,AST13233@N,0
2157,AST13239@N,0
2158,AST13245@N,0
2159,AST13130@N,0
2160,AST13136@N,0
2161,AYP73629@N,0
2162,ALU34112@N,0
2163,QCX35160@N,0
2164,AVU05473@N,0
2165,ARC95203@N,0
2166,APX42131@N,0
2167,APX42137@N,0
2168,ANI85776@N,0
2169,APZ76690@N,0
2170,ANI85825@N,0
2171,ATO98231@N,0
2172,ANI85818@N,0
2173,ANI85812@N,0
2174,ANI85734@N,0
2175,ANI85746@N,0
2176,AVU05480@N,0
2177,AVU05487@N,0
2178,QGQ60330@N,0
2179,ANI85728@N,0
2180,ANI85764@N,0
2181,ANI85788@N,0
2182,ANI85782@N,0
2183,AMW88197@N,0
2184,APG30998@N,0
2185,APG31005@N,0
2186,ANI85806@N,0
2187,ANI85794@N,0
2188,AVU05403@N,0
2189,ANI85740@N,0
2190,ANI85752@N,0
2191,ANI85770@N,0
2192,QEY10657@N,0
2193,QEY10641@N,0
2194,QEY10649@N,0
2195,ANI85839@N,0
2196,ATP16467@N,0
2197,AXX83375@N,0
2198,ANI85800@N,0
2199,APZ76698@N,0
2200,QCQ19990@N,0
2201,ANI85832@N,0
2202,ANI85846@N,0
2203,AQT01349@N,0
2204,ANA78464@N,0
2205,ASA40091@N,0
2206,ASA40103@N,0
2207,ASA40109@N,0
2208,ASA40097@N,0
2209,ART85704@N,0
2210,ATV90801@N,0
2211,AOM53027@N,0
2212,AVK78147@N,0
2213,AVN89376@N,0
2214,QEY10665@N,0
2215,AQY61719@N,0
2216,QEE80059@N,0
2217,API80970@N,0
2218,AVN89420@N,0
2219,AVN89387@N,0
2220,AVN89431@N,0
2221,AVN89442@N,0
2222,AVN89398@N,0
2223,AVN89453@N,0
2224,AVN89409@N,0
2225,QDH76188@N,0
2226,QEE80065@N,0
2227,QER78627@N,0
2228,ASB30081@N,0
2229,ASA69724@N,0
2230,ART84250@N,0
2231,AZP03043@N,0
2232,QEY10633@N,0
2233,ATV90793@N,0
2234,AQW35007@N,0
2235,AQT34136@N,0
2236,AQT34130@N,0
2237,QDQ69186@N,0
2238,ASO66810@N,0
2239,APH81306@N,0
2240,AUV64199@N,0
2241,QCQ20038@N,0
2242,QCQ19918@N,0
2243,ASK86341@N,0
2244,ASK86334@N,0
2245,QEE80071@N,0
2246,AXX83381@N,0
2247,ASB15738@N,0
2248,ASB15748@N,0
2249,ASB15758@N,0
2250,ATD12171@N,0
2251,AYD78149@N,0
2252,AYP31078@N,0
2253,ASO67377@N,0
2254,AVZ61129@N,0
2255,APX42291@N,0
2256,AVU05340@N,0
2257,AQW35013@N,0
2258,AWV96566@N,0
2259,AWV96559@N,0
2260,QDF43815@N,0
2261,AXY04092@N,0
2262,QER90704@N,0
2263,QDF43835@N,0
2264,QDF43840@N,0
2265,QDF43830@N,0
2266,QDF43820@N,0
2267,QDF43825@N,0
2268,QED40665@N,0
2269,ASY04643@N,0
2270,ASB16887@N,0
2271,QED40659@N,0
2272,AXX83283@N,0
2273,AUG98141@N,0
2274,AUG98130@N,0
2275,AUG98119@N,0
2276,ASS83086@N,0
2277,AWG96865@N,0
2278,AWG96884@N,0
2279,AWG96872@N,0
2280,AWG96878@N,0
2281,AYP73645@N,0
2282,ASV45148@N,0
2283,ARX11396@N,0
2284,AXG21643@N,0
2285,AVU05347@N,0
2286,QCQ20056@N,0
2287,AUH28250@N,0
2288,AWW13535@N,0
2289,AWW13551@N,0
2290,AWW13519@N,0
2291,AWW13511@N,0
2292,AZL47198@N,0
2293,AZL47192@N,0
2294,QHI08611@N,0
2295,QDP14511@N,0
2296,AVP78031@N,0
2297,QBP43300@N,0
2298,AVI57403@N,0
2299,AVI57396@N,0
2300,AVU05382@N,0
2301,AVU05375@N,0
2302,AVU05368@N,0
2303,ASY98687@N,0
2304,AXK47358@N,0
2305,AXK47352@N,0
2306,AVU05389@N,0
2307,AWA45274@N,0
2308,QCO95416@N,0
2309,AVN88332@N,0
2310,QCQ20044@N,0
2311,QCQ20062@N,0
2312,QCQ20068@N,0
2313,AXY04083@N,0
2314,QCQ19924@N,0
2315,AVU05396@N,0
2316,AWM11456@N,0
2317,AWV96580@N,0
2318,ASK51717@N,0
2319,AWJ64263@N,0
2320,AVN89313@N,0
2321,AVN89302@N,0
2322,AVN89291@N,0
2323,AVM41569@N,0
2324,AVZ61109@N,0
2325,AVZ61099@N,0
2326,AVZ61119@N,0
2327,AWM11498@N,0
2328,AWV96573@N,0
2329,QEQ55819@N,0
2330,QED58401@N,0
2331,QAT98898@N,0
2332,QAT98909@N,0
2333,AWM11492@N,0
2334,QDF43790@N,0
2335,QDF43795@N,0
2336,QDF43805@N,0
2337,QDF43800@N,0
2338,QDF43810@N,0
2339,AVU05354@N,0
2340,AUJ79484@N,0
2341,AWQ28488@N,0
2342,QFG01688@N,0
2343,AWM11486@N,0
2344,QDH76201@N,0
2345,AVU05494@N,0
2346,AVU05501@N,0
2347,AWM11462@N,0
2348,QGQ60294@N,0
2349,QAS69029@N,0
2350,QDO71787@N,0
2351,QDM02502@N,0
2352,QDQ69199@N,0
2353,AZP53858@N,0
2354,QCB65097@N,0
2355,ATJ00135@N,0
2356,QBM11748@N,0
2357,QBM11737@N,0
2358,AXS67925@N,0
2359,AZL47204@N,0
2360,AYC44182@N,0
2361,QFG01694@N,0
2362,QFG01700@N,0
2363,AWM11468@N,0
2364,AZS18878@N,0
2365,QFG01706@N,0
2366,AZL47210@N,0
2367,AWM11474@N,0
2368,AWM11480@N,0
2369,AZL47216@N,0
2370,QFU80841@N,0
2371,QCQ20050@N,0
2372,QDF21511@N,0
2373,QDP14518@N,0
2374,AZL47222@N,0
2375,QCO95422@N,0
2376,AZL47234@N,0
2377,AZS27725@N,0
2378,QFG01712@N,0
2379,QCO95428@N,0
2380,QCO95392@N,0
2381,AZL47228@N,0
2382,QCO95398@N,0
2383,QFP92265@N,0
2384,QCW07226@N,0
2385,QBA57552@N,0
2386,QHB92364@N,0
2387,QHA24687@N,0
2388,QHA24678@N,0
2389,QHA24665@N,0
2390,QHA24671@N,0
2391,QHA24724@N,0
2392,QHA24696@N,0
2393,QHA24718@N,0
2394,QHA24703@N,0
2395,QHA24710@N,0
2396,QCO76963@N,0
2397,AXP98439@N,0
2398,QBA57558@N,0
2399,QBA57545@N,0
2400,QBO24651@N,0
2401,QBR98161@N,0
2402,AXP07355@N,0
2403,AXP07345@N,0
2404,QAY31031@N,0
2405,AXP32230@N,0
2406,AXP32216@N,0
2407,AXP32223@N,0
2408,QDM36987@N,0
2409,QBO24657@N,0
2410,QBO24669@N,0
2411,QBO24663@N,0
2412,QCO95404@N,0
2413,QCO95410@N,0
2414,QCB65300@N,0
2415,QCB65306@N,0
2416,QGJ02389@N,0
2417,QDZ36662@N,0
2418,QDZ36668@N,0
2419,QGZ00525@N,0
2420,QCX19619@N,0
2421,QHD43124@N,0
2422,QDE12097@N,0
2423,QBP84749@N,0
2424,ALR69641@N,0
2425,APX44065@N,0
2426,ACC94326@N,0
2427,ACJ12834@N,0
2428,ABW75125@N,0
2429,ABW75138@N,0
2430,ABW87820@N,0
2431,AAZ41329@N,0
2432,AAZ41340@N,0
2433,AAZ67052@N,0
2434,ABC72414@N,0
2435,ABI93999@N,0
2436,ABI96958@N,0
2437,ABN10839@N,0
2438,ABN10848@N,0
2439,ABN10857@N,0
2440,ABN10866@N,0
2441,ABN10875@N,0
2442,ABN10884@N,0
2443,ABN10893@N,0
2444,ABN10902@N,0
2445,ABN10911@N,0
2446,ABN10919@N,0
2447,ABN10927@N,0
2448,ABN10935@N,0
2449,ACN89696@N,0
2450,ACN89705@N,0
2451,ACN89722@N,0
2452,ACN89723@N,0
2453,ACN89742@N,0
2454,ACN89743@N,0
2455,ACN89760@N,0
2456,ACN89763@N,0
2457,ACN89777@N,0
2458,ABP38236@N,0
2459,ABP38243@N,0
2460,ABP38253@N,0
2461,ABP38267@N,0
2462,ABP38279@N,0
2463,ABP38295@N,0
2464,ABP38306@N,0
2465,ABP38313@N,0
2466,ABP38328@N,0
2467,ABP38334@N,0
2468,ABP87990@N,0
2469,ABM64776@N,0
2470,ABQ57208@N,0
2471,ABQ57216@N,0
2472,ABQ57224@N,0
2473,ABQ57232@N,0
2474,ACB59362@N,0
2475,ACB59372@N,0
2476,ACA52157@N,0
2477,ACA52164@N,0
2478,ACA52171@N,0
2479,ACB69849@N,0
2480,ACB69860@N,0
2481,ACB69872@N,0
2482,ACB69883@N,0
2483,ACB69894@N,0
2484,ACB69905@N,0
2485,ABX60145@N,0
2486,ABW81427@N,0
2487,ABU49659@N,0
2488,ABE97137@N,0
2489,ABE97130@N,0
2490,ABD75497@N,0
2491,ABD75505@N,0
2492,ABD75513@N,0
2493,ABD75521@N,0
2494,ABD75529@N,0
2495,ABD75537@N,0
2496,ABD75545@N,0
2497,ABD75553@N,0
2498,ABD75561@N,0
2499,ABD75569@N,0
2500,ABD75577@N,0
2501,ABD75585@N,0
2502,ABD75593@N,0
2503,ABD75601@N,0
2504,ABD75609@N,0
2505,ABD75617@N,0
2506,ABD75625@N,0
2507,ABD75633@N,0
2508,ABD75641@N,0
2509,ABD75323@N,0
2510,ABD75332@N,0
2511,AAY32596@N,0
2512,AAY68297@N,0
2513,AAY88866@N,0
2514,AAY24423@N,0
2515,AAY24433@N,0
2516,ABI26423@N,0
2517,ABG89301@N,0
2518,ABG89317@N,0
2519,ABG89325@N,0
2520,ABC70719@N,0
2521,ABF65836@N,0
2522,ABI14448@N,0
2523,ABG47052@N,0
2524,ABG47060@N,0
2525,ABG47069@N,0
2526,ABG36787@N,0
2527,AFH55111@N,0
2528,AFH55121@N,0
2529,AFG19726@N,0
2530,AFG19742@N,0
2531,AFD97607@N,0
2532,AFE85969@N,0
2533,AFG25750@N,0
2534,AFG25760@N,0
2535,AHA38125@N,0
2536,AHA38132@N,0
2537,AHA38146@N,0
2538,AHA38153@N,0
2539,AHB63481@N,0
2540,AHB63495@N,0
2541,AHB63508@N,0
2542,AGY56140@N,0
2543,ADI59790@N,0
2544,ADZ76334@N,0
2545,ADY39740@N,0
2546,ACO72884@N,0
2547,ACO72893@N,0
2548,ACT11042@N,0
2549,ACO37566@N,0
2550,ADE34722@N,0
2551,ADE34733@N,0
2552,ADE34744@N,0
2553,ADE34755@N,0
2554,ADE34766@N,0
2555,ADE34779@N,0
2556,ADE34790@N,0
2557,ADE34801@N,0
2558,ADE34812@N,0
2559,ADE34823@N,0
2560,AFQ94213@N,0
2561,AFH58021@N,0
2562,AGD98685@N,0
2563,AGN29320@N,0
2564,AJP67408@N,0
2565,AJG44124@N,0
2566,AKJ85723@N,0
2567,AHY21469@N,0
2568,AHY61337@N,0
2569,ALL27308@N,0
2570,AKA97938@N,0
2571,AMH39305@N,0
2572,YP_003767@N,0
2573,YP_001039962@N,0
2574,ATE90967@N,0
2575,AVM80475@N,0
2576,AVM80500@N,0
2577,AVM80492@N,0
2578,ATE90980@N,0
2579,AVI69485@N,0
2580,AVI69444@N,0
2581,AVM80466@N,0
2582,AVM80484@N,0
2583,AVM80457@N,0
2584,AVM80448@N,0
2585,AVM80439@N,0
2586,YP_001552236@N,0
2587,QFQ59587@N,0
2588,QBP84713@N,0
2589,YP_004070194@N,0
2590,NP_040831@N,0
2591,NP_073551@N,0
2592,NP_598310@N,0
2593,ASV51733@N,0
2594,ARM65490@N,0
2595,ARM65496@N,0
2596,YP_001039971@N,0
2597,AAA66399@N,0
2598,AZN28588@N,0
2599,AAK38656@N,0
2600,AAL40400@N,0
2601,YP_209233@N,0
2602,AAT76147@N,0
2603,AAS89767@N,0
2604,AAX16192@N,0
2605,AAX76521@N,0
2606,AAY16375@N,0
2607,AAX85669@N,0
2608,AAX85678@N,0
2609,AAT70772@N,0
2610,AAT70074@N,0
2611,AAS58177@N,0
2612,AAU04646@N,0
2613,AAU04649@N,0
2614,AAU04664@N,0
2615,AAT00645@N,0
2616,AAT84354@N,0
2617,AAT84362@N,0
2618,AAY60780@N,0
2619,AAY60793@N,0
2620,AAW33786@N,0
2621,AAU81608@N,0
2622,AAU06356@N,0
2623,AAV91631@N,0
2624,AAV49730@N,0
2625,AAK83356@N,0
2626,AAL57308@N,0
2627,AAP33697@N,0
2628,AAP30030@N,0
2629,AAP51227@N,0
2630,AAP13441@N,0
2631,AAP50485@N,0
2632,AAP97882@N,0
2633,AAS00003@N,0
2634,AAR01015@N,0
2635,AAR86775@N,0
2636,AAR86788@N,0
2637,AAR23258@N,0
2638,AAR23250@N,0
2639,AAS00080@N,0
2640,AAR91586@N,0
2641,AAP72986@N,0
2642,AAP92675@N,0
2643,AAQ01597@N,0
2644,AAQ01609@N,0
2645,AAQ94060@N,0
2646,QDA76309@N,0
2647,QCS40640@N,0
2648,QDA76318@N,0
2649,AYW03309@N,0
2650,YP_001351684@N,0
2651,YP_003029848@N,0
2652,YP_001039953@N,0
2653,YP_001718612@N,0
2654,NP_058424@N,0
2655,YP_001718605@N,0
2656,YP_001941166@N,0
2657,NP_150077@N,0
2658,YP_001876437@N,0
2659,QBP84704@N,0
2660,QBP84731@N,0
2661,YP_009555241@N,0
2662,AYG86360@N,0
2663,QBQ01839@N,0
2664,QBP84740@N,0
2665,QBP84722@N,0
